model,top1,top5,macro_f1
"ResNet-50
visual",79.40973490845613,94.824016563147,76.88563727740257
"ConvNeXt-B
5-view",90.99987821215443,98.34368530020704,89.24831848138075
"CLIP ViT-B/32
generic text",40.31583647951935,74.07948686721065,35.79699054452514
"CLIP ViT-B/32
descriptor text",37.74611293792879,72.24049039905817,33.59197058178761
"SigLIP2 base
HF generic",0.312588803637397,1.2138188608776845,0.04572329878871861
"SigLIP2 base
HF descriptor",0.6738927455039987,2.005439857102261,0.09760773254576795
